fault,x_m,z_m
main,-1792.9425,-6817.3655
main,-12.8607,-5881.6275
main,1767.2215,-4945.8890
main,3547.3035,-4010.1510
main,5327.3855,-3074.4125
main,7107.4675,-2138.6740
main,8887.5495,-1202.9360
main,10667.6300,-267.1975
main,12447.7100,668.5409
main,14276.1900,1500.7340
main,16135.8800,2266.1430
main,17995.5700,3031.5520
main,19855.2600,3796.9620
main,21714.9500,4562.3710
main,23574.8450,5327.2795
main,25440.1850,6078.8020
main,27305.5350,6830.3245
main,29170.8750,7581.8475
main,31036.2250,8333.3700
main,32909.0950,9065.9095
main,34782.6150,9796.8080
main,36656.1400,10527.7050
main,38529.6600,11258.6050
main,40403.1800,11989.5050
main,42276.7050,12720.4050
main,44085.0000,13572.4900
main,45941.1550,14118.6250
main,47949.1800,14228.7350
main,49957.2100,14338.8500
main,51965.2350,14448.9650
main,53964.5500,14649.3450
main,55956.5700,14925.2900
main,57949.2400,15196.5450
main,59942.1500,15465.9950
main,61935.0600,15735.4450
main,63927.9700,16004.8950
main,65913.1050,16318.4500
main,67878.0150,16746.7550
main,69842.9150,17175.0550
main,71807.8250,17603.3550
main,73772.7250,18031.6600
main,75737.6350,18459.9650
main,77702.5400,18888.2650
main,79566.3250,19613.8150
main,81499.0400,20119.7050
main,81499.0400,20119.7000
main,83510.9400,20117.4200
main,85522.8050,20105.6800
main,87534.4900,20077.0550
main,89538.9050,20228.1200
main,91541.8050,20418.2550
main,93544.7050,20608.3900
main,95547.6050,20798.5250
main,97550.5050,20988.6600
main,99553.4050,21178.7950
main,101556.3000,21368.9300
main,103559.2000,21559.0650
main,105562.1000,21749.2050
main,107565.0000,21939.3400
main,109567.9000,22129.4750
main,111564.7000,22374.1900
main,113560.3000,22629.9850
main,115555.9000,22885.7800
main,117551.4500,23141.5800
main,119547.0000,23397.3750
main,121542.6000,23653.1700
main,123538.2000,23908.9650
main,125533.8000,24164.7600
main,127529.3000,24420.5550
main,129535.9500,24560.4700
main,131543.9500,24685.3100
main,133552.0000,24810.1450
main,135560.0000,24934.9800
main,137568.0500,25059.8200
main,139576.0500,25184.6500
main,141584.1000,25309.4900
main,143592.1500,25434.3200
main,145600.1500,25559.1600
main,147608.1500,25683.9950
main,149615.3000,25819.6850
main,151616.2000,26029.7700
main,153617.1000,26239.8600
main,155618.0500,26449.9450
main,157618.9500,26660.0350
main,159619.8500,26870.1200
main,161628.6500,26823.0900
main,163638.7500,26736.8350
main,165648.7500,26650.5800
main,167658.8500,26564.3250
main,169664.6000,26542.8600
main,171646.0000,26892.1350
main,173627.3000,27241.4100
main,175608.7000,27590.6850
main,177590.0000,27939.9600
main,179571.4000,28289.2350
main,181552.7500,28638.5100
main,183534.1000,28987.7900
main,185515.5000,29337.0650
main,185515.5000,29337.0600
main,187492.6500,29657.2800
main,189487.2500,29850.0200
main,191481.8500,30042.7600
main,193476.4500,30235.4900
main,195471.0500,30428.2300
main,197465.6500,30620.9700
main,199460.2500,30813.7100
main,201457.7000,30971.8650
main,203457.0000,31106.6950
main,205456.3500,31241.5150
main,207455.7000,31376.3450
main,209455.0000,31511.1750
main,211454.4000,31645.9950
main,213457.6000,31696.7100
main,215460.8500,31745.7550
main,217464.1500,31794.8050
main,219467.4500,31843.8500
main,221470.7500,31892.8950
main,223474.0000,31941.9450
main,225477.3000,31990.9900
main,227480.8000,32029.2600
main,229484.3500,32065.5500
main,231487.9500,32101.8350
main,233491.0000,32150.4350
main,235492.1000,32257.6500
main,237493.7500,32347.0600
main,239497.1500,32390.4500
main,241500.5500,32433.8400
main,243504.0000,32477.2300
main,245507.4000,32520.6150
main,247510.8000,32564.0050
main,249514.2500,32607.3950
bocono,-86768.2500,-39293.7700
bocono,-85152.3800,-38108.2200
bocono,-83536.5050,-36922.6650
bocono,-81920.6350,-35737.1150
bocono,-80304.7650,-34551.5650
bocono,-78688.8950,-33366.0150
bocono,-77073.0250,-32180.4650
bocono,-75402.0850,-31077.0650
bocono,-73691.3950,-30032.9850
bocono,-71980.7050,-28988.9050
bocono,-70270.0150,-27944.8200
bocono,-68559.3250,-26900.7350
bocono,-66848.6350,-25856.6550
bocono,-65137.9450,-24812.5700
bocono,-63455.3100,-23724.3750
bocono,-61784.5150,-22617.5750
bocono,-60113.7150,-21510.7850
bocono,-58442.9150,-20403.9850
bocono,-56772.1150,-19297.1850
bocono,-55101.3150,-18190.3850
bocono,-53430.5150,-17083.5950
bocono,-51758.4300,-15978.7450
bocono,-50083.8100,-14877.7350
bocono,-48409.1900,-13776.7300
bocono,-46734.5700,-12675.7250
bocono,-45059.9500,-11574.7150
bocono,-43392.5200,-10462.9650
bocono,-41736.4150,-9334.2940
bocono,-40080.3100,-8205.6250
bocono,-38424.2100,-7076.9565
bocono,-36768.1050,-5948.2880
bocono,-35112.0000,-4819.6190
bocono,-33455.9000,-3690.9500
bocono,-31705.0150,-2719.3545
bocono,-29934.4600,-1780.3655
bocono,-28163.9050,-841.3763
bocono,-26393.3450,97.6130
bocono,-24622.7900,1036.6020
bocono,-22852.2350,1975.5915
bocono,-21081.6750,2914.5805
bocono,-19297.6000,3827.4970
bocono,-17510.0300,4733.6820
bocono,-15722.4650,5639.8670
bocono,-13934.8950,6546.0515
bocono,-12147.3250,7452.2365
bocono,-10359.7600,8358.4215
bocono,-8518.2325,9132.1600
bocono,-6606.3145,9733.1095
bocono,-4694.3960,10334.0600
bocono,-2782.4780,10935.0100
bocono,-870.5599,11535.9600
bocono,1041.3580,12136.9100
bocono,2953.2765,12737.8600
bocono,4900.8825,13208.7500
bocono,6851.7505,13667.7500
bocono,8802.6195,14126.7550
bocono,10753.4850,14585.7600
bocono,12704.3550,15044.7600
bocono,14655.2250,15503.7600
bocono,16607.2200,15957.6700
bocono,18569.8250,16363.5700
bocono,20532.4300,16769.4650
bocono,22495.0350,17175.3600
bocono,24457.6400,17581.2600
bocono,26420.2450,17987.1550
bocono,28405.1900,18241.8300
bocono,30401.3200,18420.8900
bocono,32397.4400,18599.9500
bocono,34393.5250,18779.4450
bocono,36389.0900,18964.6350
bocono,38384.6550,19149.8250
bocono,40380.2150,19335.0050
bocono,42375.7850,19520.1950
bocono,44371.3450,19705.3850
bocono,46366.9150,19890.5650
bocono,48362.4750,20075.7550
bocono,50364.4550,20117.6100
bocono,52368.5850,20111.5000
bocono,54372.7150,20105.3850
bocono,56376.8450,20099.2750
bocono,58380.9750,20093.1600
bocono,60384.9600,20072.4200
bocono,62388.8250,20039.3700
bocono,64392.6950,20006.3100
bocono,66396.5600,19973.2600
bocono,68400.4250,19940.2000
bocono,70403.8650,19893.8750
bocono,72405.7250,19798.3750
bocono,74407.5850,19702.8750
bocono,76409.4550,19607.3750
bocono,78304.4000,19019.4600
elavila,159884.6500,26897.9300
elavila,161641.9500,25780.2600
elavila,163399.2500,24662.5950
elavila,165156.5500,23544.9250
elavila,166928.5000,22458.4450
elavila,168909.5500,21816.0850
elavila,170890.6000,21173.7250
elavila,172871.6500,20531.3650
elavila,174895.6000,20108.1700
elavila,176972.7000,19955.8600
elavila,176972.7000,19955.8600
elavila,178992.4000,19807.3600
elavila,181012.2000,19658.8500
elavila,183024.5500,19465.4350
elavila,184985.3500,18958.8700
elavila,186896.8000,18312.6750
elavila,188740.4000,17474.3700
elavila,190583.9500,16636.0650
elavila,192427.5000,15797.7550
elavila,194391.7500,15321.2450
elavila,196369.3500,14884.6700
elavila,198346.9500,14448.0900
elavila,200359.4000,14344.9700
elavila,202384.5500,14362.8100
elavila,204409.6500,14380.6600
elavila,206434.8000,14398.5100
elavila,208459.9000,14416.3500
elavila,210485.0500,14434.2000
elavila,212510.1500,14452.0500
elavila,214535.3500,14456.5200
elavila,216560.5500,14460.8900
elavila,218585.7500,14465.2600
elavila,220610.9500,14469.6300
elavila,222636.1500,14474.0000
elavila,224661.3500,14478.3700
